id;name;car_issue;carn_number;car_motor;car_shell_number;classification;madein;panaelnumber;notes
1;San deposit Berkshire;57945;compelling Arizona;magenta Cuban;payment;Bike;Table Guinea;parse Health;open-source non-volatile throughput
2;Refined;832;Shoes generate;Mexico Northern;orchestrate optimize;Configurable PCI motivating;Sleek algorithm;Glens synthesizing Practical;web gold
3;Granite;65857;Berkshire Optional navigate;Coordinator actuating;Response;IB Bedfordshire;Forward;Wooden;Mississippi Handmade
4;defect;30553;Steel Fantastic Saint;transmit Minnesota Unbranded;Turkey;methodology;COM;Unbranded bandwidth payment;Bedfordshire Gorgeous Games
5;Wooden Wisconsin Concrete;13525;Tasty British;input;Lats Pizza Alabama;mobile Leone;Cheese Robust JBOD;synergistic Borders;bypass synergize Shoes
6;index deposit;85430;empower 5th index;Metal Pizza;deposit;Dynamic plum;Baby and invoice;Cotton olive wireless;Bedfordshire
7;Jewelery Directives;17783;payment deploy;Towels;withdrawal Shirt clicks-and-mortar;Chicken Computers;system paradigms Wooden;Intelligent infrastructure CSS;Intuitive
8;Handmade;87899;generate solution-oriented;Investment;Norwegian Australia;methodologies TCP;reinvent;Berkshire Plastic;Towels deposit Movies
9;Human Jamaican Right-sized;34289;USB;teal invoice;productize Industrial;5th;visualize Brand;Liaison;Rubber
10;collaborative utilize ROI;14795;bleeding-edge Bedfordshire navigating;partnerships Borders aggregate;Corporate backing withdrawal;Nevada XML microchip;neural;Hawaii;USB withdrawal
