id;dispatch_date;item;quantity
1;2021-11-29;Berkshire action-items;redundant
2;2021-11-29;maximize Licensed black;indexing Configuration parsing
3;2021-11-29;reciprocal Michigan incubate;Salad Music
4;2021-11-29;Direct;blue action-items
5;2021-11-29;calculating invoice Unions;encompassing repurpose
6;2021-11-29;Account;Utah
7;2021-11-29;alarm input;wireless Ireland
8;2021-11-29;deposit Soft pixel;THX
9;2021-11-29;transparent Producer;Assurance Unbranded
10;2021-11-29;executive Soap firewall;Chair revolutionize innovate
